사공다정,1,,,,
예민경,1,,,,
제갈영선,1,,,,
설동석,1,,,,
제갈진선,1,,,,
오호석,1,,,,
윤윤기,1,,,,
장우정,1,,,,
정윤기,1,,,,
배영윤,1,,,,
황인준,1,,,,
황보현기,1,,,,
한효주,1,,,,
탁태기,1,,,,
설선준,1,,,,
양정원,1,,,,
탁창환,1,,,,
정경민,1,,,,
강세원,1,,,,
황준기,1,,,,
백우람,1,,,,
황보으뜸,1,,,,
강다운,1,,,,
황보한결,1,,,,
탁으뜸,1,,,,
전나길,1,,,,
손한길,1,,,,
윤한길,1,,,,
백미르,1,,,,
임빛가람,1,,,,
백달,2,,,,
양다운,2,,,,
탁빛가람,2,,,,
심빛가람,2,,,,
신한결,2,,,,
풍으뜸,2,,,,
노나라우람,2,,,,
백나라우람,2,,,,
배우람,2,,,,
배나길,2,,,,
최햇살,2,,,,
성하나,2,,,,
문송이,2,,,,
정나리,2,,,,
남궁빛나,2,,,,
권마음,2,,,,
안자람,2,,,,
강하늬,2,,,,
백나비,2,,,,
전슬기,2,,,,
허소리,2,,,,
홍초롱,2,,,,
문민들레,2,,,,
심새벽,2,,,,
심산다라,2,,,,
하나무,2,,,,
이새론,2,,,,
추잔디,2,,,,
성새롬,2,,,,
전햇빛,2,,,,
한혁,3,,,,
송혁,3,,,,
예훈,3,,,,
심혁,3,,,,
윤웅,3,,,,
고호,3,,,,
복훈,3,,,,
정건,3,,,,
탁건,3,,,,
황보웅,3,,,,
풍혁,3,,,,
신웅,3,,,,
류광,3,,,,
하건,3,,,,
풍호,3,,,,
윤호,3,,,,
최철,3,,,,
권철,3,,,,
배호,3,,,,
홍광,3,,,,
장리,3,,,,
고설,3,,,,
풍은,3,,,,
봉상,3,,,,
오린,3,,,,
남현,3,,,,
한란,3,,,,
조린,3,,,,
백설,3,,,,
황리,3,,,,
이상,4,,,,
임현,4,,,,
남재,4,,,,
양재,4,,,,
양란,4,,,,
오지,4,,,,
남지,4,,,,
조현,4,,,,
홍상,4,,,,
복설,4,,,,
설무열,4,,,,
오강민,4,,,,
남요한,4,,,,
사공치원,4,,,,
이경택,4,,,,
강승헌,4,,,,
황보이수,4,,,,
탁철순,4,,,,
박동건,4,,,,
예이수,4,,,,
조광조,4,,,,
황보경모,4,,,,
문무열,4,,,,
배무열,4,,,,
서요한,4,,,,
박승헌,4,,,,
강철순,4,,,,
황철순,4,,,,
복경택,4,,,,
조철순,4,,,,
강재신,5,,,,
심혜린,5,,,,
추경님,5,,,,
류미래,5,,,,
예재규,5,,,,
양혜림,5,,,,
문이경,5,,,,
제갈가영,5,,,,
봉은채,5,,,,
양자경,5,,,,
탁이경,5,,,,
권경님,5,,,,
예이경,5,,,,
설혜림,5,,,,
문재규,5,,,,
최경님,5,,,,
임자경,5,,,,
백경님,5,,,,
봉영신,5,,,,
이지해,5,,,,
예종환,5,,,,
배선주,5,,,,
한은식,5,,,,
탁효준,5,,,,
탁세은,5,,,,
오연정,5,,,,
김태기,5,,,,
예영환,5,,,,
이준식,5,,,,
임신지,5,,,,
제갈은정,6,,,,
노은혁,6,,,,
이주호,6,,,,
풍은우,6,,,,
고해영,6,,,,
장인호,6,,,,
박해성,6,,,,
강영혜,6,,,,
제갈상수,6,,,,
송성자,6,,,,
풍으뜸,6,,,,
추빛가람,6,,,,
사공힘찬,6,,,,
홍달,6,,,,
하믿음,6,,,,
하믿음,6,,,,
강나라우람,6,,,,
남궁한길,6,,,,
고달,6,,,,
김샘,6,,,,
권다운,6,,,,
남궁힘찬,6,,,,
남한길,6,,,,
신나길,6,,,,
백믿음,6,,,,
배힘찬,6,,,,
양다운,6,,,,
표나길,6,,,,
정나길,6,,,,
김한길,6,,,,
